Doc_ID,Nama_Tempat,Lokasi,Rating,Teks_Mentah
1,Kuncen Camp Ground,"Kab. Semarang, Jateng",5,"Bagus banget tempatnya, terkonsep dan guide nya super duper membantu."
2,Kuncen Camp Ground,"Kab. Semarang, Jateng",5,"Sangat menyenangkan untuk camping ceria.
Nyaman. Disediakan banyak toilet bersih, disediakan colokan listrik.
Pemandangan bagus. Murah pula."
3,Kuncen Camp Ground,"Kab. Semarang, Jateng",5,"Tempatnya asri dan sejuk, sudah lumayan ramai dengan pemukiman masyarakat. Fasilitas lumayan lengkap, kantin, toilet, gazebo, mushola,parkir luas banget. Wajib kesini untuk yang mau nge camp"
4,Kuncen Camp Ground,"Kab. Semarang, Jateng",5,"3 kali ke sini, sekali ikut acara, 2 kali bikin acara dengan 2 spot berbeda, terakhir di lantai 2 nya, lumayan luas walau cuma ada 1 pendopo aja, di bawah lebih lengkap ada pendopo, gazebo, taman kelinci, aviary , musholla dan warung.
Pengelola sangat ramah, tarif terjangkau cenderung murah."
5,Kuncen Camp Ground,"Kab. Semarang, Jateng",5,"Tempat yang cocok untuk acara kemah, kami kemah 290 orang, fasilitas memadai ada mushola, warung makan, toilet & ketersediaan air, cukup,,, cuma ati2 jalan menuju lokasi agak ekstrim naik turun dan cuma untuk 1 mobil, kondisi mobil harus sehat (sebaiknya manual)"
6,Kuncen Camp Ground,"Kab. Semarang, Jateng",5,"Tempat yang bagus, cocok untuk bersantai dan berkemah, kita bisa melihat pemandangan yang indah apalagi disaat senja / malam hari."
7,Kuncen Camp Ground,"Kab. Semarang, Jateng",5,"Wisata alam yang dikelola Desa Polobogo Getasan kab Semarang,  cocok untuk camping dan campervan, fasilitas cukup memadai, harga sewa tenda & tempat terjangkau

Disekitar lokasi wisata Banyak penjual durian yg harganya murah dan enak

Akses cukup mudah tp agak sempit, ada tanjakan/turunan cukup tajam, pastikan kendaraan anda dalam kondisi prima"
8,Kuncen Camp Ground,"Kab. Semarang, Jateng",5,Agak kotor di beberapa sudut. Fasilitas listriknya belum stabil.
9,Kuncen Camp Ground,"Kab. Semarang, Jateng",4,"Bagus. hanya saja tenda nya membuat agak panas apalagi saat siang, terasa sangat membakar"
10,Kuncen Camp Ground,"Kab. Semarang, Jateng",4,"Tempat menarik, view rawa pening, jalan akses hanya buat 1 mobil, gantian, tp ada pemandu, mobil harus benar2 sehat kalo mau kesini"
11,Camping Umbul Sidomukti,"Kab. Semarang, Jateng",4,"Spot menuju lokasi mngkin perlu perbaikan dr arah jalan bawah (jgn lupa ptunjuk arah beri spot light KLO malam biar jelas kliatan) , arah turun-naik was-was berhimpitan dgn mobil besar , area parkir ke tenda cukup jauh (masukan saja ,selalu dibantu sediakan Potter/apapun yg bsa membantu pengunjung/penginapan di tenda bsa nyaman u/ bawaÂ² beberapa perabotan mereka) terlbh bawa anak kcilÂ², hrus LBH kids friendly lgi, lokasi cukup oke untuk melihat sunrise , spot main drtpat A,ke tmpt B dll cukup woaaahhh Mayan Krn dr kontur tanah jg berbukitÂ², pelayanannya saja perlu perbaikan  LG ya, sarapannya cukup ok ."
12,Camping Umbul Sidomukti,"Kab. Semarang, Jateng",5,Rekomended bgt buat camping murah 200 ribuan tinggal masuk tenda sudah ada matras dan sleeping bag. Sudah free kolam renang
13,Camping Umbul Sidomukti,"Kab. Semarang, Jateng",5,"View bagus, udara enak, staff dan semua petugas yg jaga ramah, sebenernya betah dan gak mau pulang, tp harus turun dan kembali ke habitatnya, pokoknya insyaallah kesini lagi"
14,Camping Umbul Sidomukti,"Kab. Semarang, Jateng",5,"Pertama kali camping di umbul sidomukti ğŸ˜ğŸ˜ğŸ˜ daannnn anak ku ga mau pulang betah bgt camping dsni selain udara yg dingin view nya jg juara, staff ramah, pkoknya mantab dan very recomend"
15,Camping Umbul Sidomukti,"Kab. Semarang, Jateng",5,"Selain keberadaan taman bermain dan kolam renang yang indah, Umbul Sidomukti juga menawarkan pengalaman menginap di alam terbuka alias camping bagi para pengunjung. Mendirikan tenda disini merupakan pengalaman menyenangkan karena bisa menikmati pemandangan yang indah dan suasana sejuk pegunungan untuk relaksasi tubuh yang letih"
16,Camping Umbul Sidomukti,"Kab. Semarang, Jateng",5,"Dari yang tadinya booking sehari,,extend jadi 3 hari saking senengnya anakÂ² disini ğŸ˜ Pelayanan bagus,,petugas juga ramah Semoga next bisa kesini lagii..."
17,Camping Umbul Sidomukti,"Kab. Semarang, Jateng",5,sangat amat berkesan dan pelayanan super ramah dn sangat membantu. Tmpt istrht dn air panas berfungsi dgn sangat baik. Sangat direkomendasikan menginap dsni dan tmpt parkir mobil luas dan aman.
18,Camping Umbul Sidomukti,"Kab. Semarang, Jateng",5,"View sunrise-nya masyaallah sekali, cukup banget untuk 4orang dewasa. Minusnya tenda atas berisik sekali sampai susah tidur, lainnya oke Kamar mandi ada water heater + sabun cuci piring waww sekali. Tenkyuu kaa, tenda panggung is the bestt"
19,Camping Umbul Sidomukti,"Kab. Semarang, Jateng",2,"Isinya bayar doang. Mungkin cocok dengan orang yang ingin bersantai, tapi tidak cocok untuk camping mode muncak"
20,Camping Umbul Sidomukti,"Kab. Semarang, Jateng",5,"Camping tanpa ribet. Tenda udah ada kasur,ada selimut dan bantal. Kalo mau bakar2an tapi gak bawa kompor portable bisa sewa juga. Udaranya seger khas pegunungan. Kalo malam bisa liat citylight. Gak bosen deh camping di tempat ini."
21,Pinusan Nglimut,"Kendal, Jateng",5,Enak buat nongkrong santai sambil menghirup udara segar
22,Pinusan Nglimut,"Kendal, Jateng",5,"tempatnya adem, sejuk, cocok untuk piknik keluarga. coba jalan pas ke pinusannya agak berbatu dan fasilitasnya kurang terawat"
23,Pinusan Nglimut,"Kendal, Jateng",5,adem ayem buat nenangin pikiran si hehew trus juga jajan murah meriah juga walaupun di tempat wisata
24,Pinusan Nglimut,"Kendal, Jateng",5,"Tempatnya enak, yang ga enak polusi suaranya. Pada bawa speaker aktif. Ndeso. Kayak ga ada tempat lain aja. Petugas juga diem, ato memang dibolehin sama petugas? Padahal potensial buat dikembangin."
25,Pinusan Nglimut,"Kendal, Jateng",2,"Padahal berbayar juga masuknya per orang 10k dan bayar parkir juga, tapi tidak dipeehatikan mengenai fasilitas infrastruktur nya, seperti jalanan yang berbatu tidak dibenahi dari dulu, banyak sampah berserakan juga, banyak tempat duduk dari kayu yang sudah rusak/ ambruk, gasebo juga reyot. Mohon diperbaiki lagi."
26,Pinusan Nglimut,"Kendal, Jateng",3,"Sekedar berbagi pengalaman kesini malam bada maghrib niatan cuma mo ke warungnya aja. Gk ada niatan mo wisata malam"" apa yg mo d lihat gelap gulita n ternyata ttp byr tiket masuk n parkir n itu gk diksh kartu tiket masuk jg."
27,Pinusan Nglimut,"Kendal, Jateng",5,"wanawisata yg sejuk nan asri diantara banyak pohon pinus yg rindang menjulang. asyik & cocok utk acara bersama klrga/tmn/kolega. lokasinya sedikit masuk (+/- 100m), akses jalannya bagus namun saat masuk agak menekuk. kurangnya (-) parkir mobilnya tidak cukup luas. HTM saat wiken kami kesana 10k per-orang & parkir mobil 5k. ada camping ground yg luas, area outbond, kedai makanan & kopi. fasilitas: kamar mandi & mushola. utk toilet yg lebih bersih, yg berbayar."
28,Pinusan Nglimut,"Kendal, Jateng",4,"Kalau kamu penat dengan kerjaan atau ingin healing dengan suasana yang syahdu. Pinusan Nglimut jawabannya Saran, kami bisa bawa tikar, dan makanan ya, bawa alat bakarnya sekalian, bisa serasa Barbeque di tengah hutan Atau kalau makanan habis, kamu bisa makan di kedai/warung yang tersedia dengan harga yang terjangkau Oh ya untuk mencapai kesini, pastikan kondisi mobilmu baik ya, karena tanjakan yang cukup curam Selamat menikmati"
29,Pinusan Nglimut,"Kendal, Jateng",5,suasana sangat sejuk dan asrii
30,Pinusan Nglimut,"Kendal, Jateng",3,"Suasana & pemandangan sudah bagus, tapi fasilitasnya banyak yg tidak terawat."
31,Camp Ground,"Gunungkidul, DIY",5,"Pemandangan Alam yang luar biasa indah,cocok bagi para petualang sejati,, Tempatnya sejuk dan bisa banget di jadikan spot mancing pagi yang suka mancing,dan bisa juga untuk camping ground. Bagi yang sekedar ingin liburan doank,tempat ini juga rekomend, meskipun di tempat ini gak ada area spot fotonya.namun kalian masih bisa kok berfoto-foto disini dengan background pemandangan alamnya..karena bukit2 disini itu keren klo buat foto2. O y jalur untuk kesini cukup lumayan extrim, pastikan kendaraan anda itu fit,dan tetap fokus saat mengemudi. Htm :5 rbu dan parkir sepeda motor 3rb aja. Untuk mobil kurang paham,karena saya kesana pake motorğŸ˜ Udah gitu aja yak..semoga membantu."
32,Camp Ground,"Gunungkidul, DIY",5,"Camp Ground Kesirat Jalan masuk menuju Camp Ground jalannya sempit namun halus. Terdapat 2 titik pilihan tempat Parkir, Tersedia Musholla dan Toilet Umum. Ada beberapa anjing dari warung sekitar, pastikan makanan masuk dalam tenda waktu malam hari. Jalan Setapak Sangat membantu. Biaya; Tiket masuk @5K Parkir Mobil @15K Tenda @10K"
33,Camp Ground,"Gunungkidul, DIY",5,"Suka banget kemping di Kesirat. Jalan aspal menuju kesana cukup sempit dengan beberapa kelokan rada tajam. Ada beberapa akses longgar bila anda terpaksa minggir saat berbagi jalan dengan pengendara lain. Untuk area kemping ground, tanahnya rada miring. Kali kedua kemping saya belum juga menemukan tempat datar untuk mendirikan tenda. Jadinya, tidur bisa melorot pelan2 barengan alas dan sleeping bagnya ğŸ˜ Tiket masuk mobil, parkir bermalam, dan biaya kemping pertenda serba 10rb. Saya lebih memilih parkir di ujung, di sebelah warung pasangan Mbah Kis dan mushola. Mereka yang menjamin makan kami selama kemping dengan makanan khas setempat. Bisa pesan masakan ikan juga, bila ada yang tertangkap jaring yang dibentang di ujung teluk tebing Kesirat. Toilet tersedia juga dekat warung, cukup rutin dibersihkan. Bila anda kemping di Kesirat setelah membaca ulasan ini, sampaikan ke Mbah Kis ya... Saya akan segera kemping lagi kesana ğŸŒ»ğŸŒ»ğŸŒ» - Ajenk."
34,Camp Ground,"Gunungkidul, DIY",4,"Pemandangannya keren banget masyallah, tempatnya enak buatnyantai kalo panas bisa berteduh dibawah pohon (harus pinter nyari tempat berteduh kalo panas)"
35,Camp Ground,"Gunungkidul, DIY",4,"Tempat nya bagus banget buat camp, rute perjalanan sulit untuk dilalui mobil (motor juga tetap tidak mudah), sekarang sudah banyak sampah di camp ground nya, mungkin bisa diperbanyak pohon lagi..., SARAN WAJIB : membawa kipas angin portable karena panas sekali di dalam tenda, semoga kedepannya pengunjung lebih bisa menjaga kebersihan dengan lebih baik"
36,Camp Ground,"Gunungkidul, DIY",5,Pertama kita nyesel pertama kali sampai karna tidak bisa mandi2 tapi setelah kami menegakkan tenda dan menikmati pemandangan lalu foto bareng baru lah kami merasa kehilangan akan rasa kesel
37,Camp Ground,"Gunungkidul, DIY",5,Pemandangan sangat luar biasa. Kesini saat cuaca cerah dan kesini bisa menikmati sunset kesirat. Pantai kesirat ini jg memiliki tebing2 yg sangat bagus dan bisa utk ngecamp bareng teman sambil menikmati view pemandangan yg sangat bagus dan suasana yg asri.
38,Camp Ground,"Gunungkidul, DIY",5,"Sepertinya hingga saat ini belum banyak orang yang tahu tentang lokasi camping yang satu ini, jadi wajar bila suasananya masih terasa sangat alami begini, selain menawarkan keindahan alam yang sangat memesona, disini juga merupakan surganya bagi para pemancing maupun nelayan untuk mencari ikan laut. Jadi jangan heran bila anda menemui beberapa pemancing atau nelayan di kawasan sini, namun jika anda juga memiliki hobi memancing, anda bisa langsung bergabung dengan mereka dan memancing bersama, pasti seru"
39,Camp Ground,"Gunungkidul, DIY",5,"Tempatnya keren banget,, lokasi tidak terlalu jauh dari kota. Waktu saya berkunjung, pas lagi cerah dan rumputnya sedang hijau. Serasa pergi ke gunung untuk melihat laut."
40,Camp Ground,"Gunungkidul, DIY",4,Tempatnya masih belum rata...banyak batunya...
41,Jogja Camp,"Gunungkidul, DIY",5,"Camping ground oke deket pantai sundak, jalannya aman dan mulus, kamar mandi nya bnyak gaperlu khawatir antri, dan paling penting keamanannya dipikirin banget sih kayak listrik ada di bagian limasan tidak dimsukkin ke tenda jadi aman kalau hujan juga"
42,Jogja Camp,"Gunungkidul, DIY",5,"Fasilitasnya lengkap banget! Toilet bersih, ada penjaga nya ramah, resepsionis, paket canoe dan snorkeling, panggung, bahkan disediakan hammock. Suasana hutan dan pantai bikin betah!"
43,Jogja Camp,"Gunungkidul, DIY",5,"Lokasi sangat dekat dengan pantai sundak. Pengalaman pertama camping dengan anak jadi cari lokasi yang sudah include tenda. Untuk tenda masih ok untuk 2 dewasa dan 1 anak. Fasilitas parkir aman, kamar mandi buanyak, listrik ada, tempat nyuci perlengkapan masak ada, musholla ada. Pulang dari sana anak minta hammock buat main ayunan"
44,Jogja Camp,"Gunungkidul, DIY",5,"Camping di sini berasa kayak liburan di tempat bebas tapi serba ada. Bisa tidur di alam tapi tetap nyaman karena fasilitasnya top. Udah gitu, suara ombak bikin tidur makin nyenyak!"
45,Jogja Camp,"Gunungkidul, DIY",5,"Area camp-nya luas, kalau ke pantai cukup jalan kaki, tapi jadi aman ga terlalu dingin anginnya Stafnya juga bantu banget saat kita butuh sesuatu"
46,Jogja Camp,"Gunungkidul, DIY",5,"lokasi benar benar privat, ga langsung berhadapan dengan laut, pelayanan bagus, fasilitas bagus, ada palet dibawah tenda kalo hujan tidak risau lantai basah"
47,Jogja Camp,"Gunungkidul, DIY",5,"tempat nya bagus, parkiran nya juga luas. pemandangan nya indah, cocok untuk bersantai bersama keluarga dan teman terdekat."
48,Jogja Camp,"Gunungkidul, DIY",5,"Saya dan teman2 hanya berempat reservasi via online saya janji datang jam 9 malam tapi ternyata molor dan saya beserta teman2 sampai lokasi jam 11 malam. Sesampai dilokasi masih ada petugas yang memang menunggu kedatangan kami, Petugas nya sangat ramah. Disitu kami langsung di arahkan ke tenda dan ternyata malam itu yang menginap hanya kami berempat tetapi fasilitas serperti api unggun tetap di siapkan. Tempat nya private, bersih, dan asri karena banyak pepohonan"
49,Jogja Camp,"Gunungkidul, DIY",5,"Meskipun ramai, tempat ini tetap terasa tenang. Aturannya bagus, jadi gak ada yang berisik berlebihan."
50,Jogja Camp,"Gunungkidul, DIY",5,"Buat kalian yang pengen cari suasana camping baru boleh nih cobain Camp JogjaCamp, deket pantai dan fasilitasnya komplit"
51,Camping Ground Bukit Klangon,"Sleman, DIY",5,"Memang tempat paling asik buat camping. Campervan bisa naik. Kamar mandi pendopo barat ada 2, timur ada 8. Ada colokan listrik banyak di deket camping ground."
52,Camping Ground Bukit Klangon,"Sleman, DIY",5,"Ada htm camping perorang kalau mau tracking htm beda lagi, fasilitas ada lahan parkir, spot foto, warung pendopo bisa untuk sholat, toilet cukup banyak walau kurang bersih seadanya. View okeee"
53,Camping Ground Bukit Klangon,"Sleman, DIY",5,"Datang waktu weekdays jadi sepi asri & tenang. Camping ground nya bersih, tersedia kamar mandi jg yg bersih. Tersedia toilet yg lumayan bersih"
54,Camping Ground Bukit Klangon,"Sleman, DIY",5,setiap hari bisa .. tapi jika hari biasa relatif lebih sepi dan tidak ada petugas yang standby di lokasi..hanya petugas keliling malam secara berkala
55,Camping Ground Bukit Klangon,"Sleman, DIY",5,"Kamar mandi, listrik aman dan bersih"
56,Lor Sambi Camping Ground,"Sleman, DIY",1,"komunikasinya buruk sekali karena. tempat saya tidak sesuai dengan lahan yang saya pesan. sudah DP dari jauh"" hari tgl 7 juli. pas tgl 19 sampai tidak sesuai."
57,Lor Sambi Camping Ground,"Sleman, DIY",5,"Tempat camping yg ramah anak. Fasilitas : Toilet, mushola, cafe, air bersih, tempat sampah, listrik Lokasinya syahdu diantara 2 bukit. Sungai kali kuning mengalir tidak deras jd aman buat bermain anak anak. Harga sewa lokasi 35 rb per orang.parkir 20rb untuk mobil. Ada lahan untuk bermain anak2...bahkan untuk acara jg sangat relomended."
58,Lor Sambi Camping Ground,"Sleman, DIY",5,"Camping ground nya nyaman,bisa untuk campervan juga. Camping nyaman di pinggir sungai, bikin anak anak betah. Ada ruangan kosong yang bisa dijadikan aula bila camping bersama keluarga besar atau rombongan. Listrik dan sinyal aman. Aliran sungai tidak deras dan sungainya dangkal, jd bisa tenang melepas anak2 bermain air di sungai. Untuk yang gak punya perlengkapan camping, bisa hubungi pengelola untuk sewa perlengkapannya, jadi cuma bekal baju dan makanan saja dr rumah. Di malam hari ada cafenya juga. Kl siang hari lumayan panas, disarankan tetap membawa kipas angin, tp di malam hari sejuk dan gak terlalu dingin. Kamar mandi bersih dan airnya banyak. Ada ruang yg bisa jadi musholla. Akses jalannya saja yg menuju camping ground kecil, hanya cukup untuk 1 mobil saja, kalo berpapasan dengan mobil lain harus mengalah. Sabar sedikit lah ya"
59,Lor Sambi Camping Ground,"Sleman, DIY",5,"Lokasi camping yang nyaman di kaki gunung merapi dan tepat di sepanjang kali kuning. Fasilitas cukup lengkap ada toilet, lampu, listrik, dan persewaan alat camp beserta kasur yg empuk. Lokasi cukup sejuk dan nyaman untuk anak-anak bisa bermain air, trekking di sekitar lokasi. Area camping cukup luas dan parkiran kendaraan yang luas. Cocok untuk keluarga Lokasi yang indah untuk piknik dan camping.dan anak-anak lebih dekat ke alam."
60,Lor Sambi Camping Ground,"Sleman, DIY",5,"Camping pinggir sungai aman bgt buat maen sama anak2.... pemandangan bagus, sejuk ..sewa lahan murah...toilet jg bersih..cm tanahnya yg pinggir sungai byk batu jdi pasaknya bengok"
61,Waduk Sermo,"Kulon Progo, DIY",5,"Jalan berkelok-kelok saat malam hari dan minim penerangan tapi terbalaskan dengan pemandangan sunrise. Bisa coba mancing dan naik perahu, tapi untuk naik perahu gak tau bayar berapa."
62,Waduk Sermo,"Kulon Progo, DIY",5,"Waduk Sermo adalah tempat yang sangat cocok untuk camping maupun kegiatan foto-foto, termasuk prewedding. Disana ada persewan kapal juga untuk prewed, jika foto dengan kapal tersebut sangat bagus sekali. Suasananya tenang dengan pemandangan yang indah, terutama saat pagi hari sebelum matahari terbit cahaya lembut dan kabut tipis membuat suasana terasa sangat magis. Area sekitar waduk juga cukup luas dan rapi, sehingga nyaman untuk sekadar piknik atau aktivitas outdoor lainnya. Wajib dikunjungi bagi pecinta alam dan fotografi!"
63,Waduk Sermo,"Kulon Progo, DIY",5,"Masih dalam rangka nostalgia hidup di Jogja. Ini salah satu rekomendasi tempat camping yang ga terlalu jauh dari pusat kota Jogja. Pertama kali camping disini sama teman-teman dan dadakan wkwk. Untuk tiket masuknya cukup murah. Bisa bawa tenda sendiri ataupun sewa di tempat. Ada banyak spot atau area camping ground, tinggal pilih aja sesuai selera hihi. Kalau weekend biasanya ramai. Jadi usahakan untuk datang lebih awal supaya dapat tempat yg cocok. Fasilitas seperti toilet dan mushola juga ada. Biasanya ada warung juga, cocok buat yg ga bawa banyak perbekalan."
64,Waduk Sermo,"Kulon Progo, DIY",5,"Camping di bambu air. Untuk fasilitas listrik oke. Tapi untuk kamar mandi kadang airnya mati, kebersihanya juga kurang. Mungkin bisa ditambahkan jalur air di area camping untuk berwudhu dan cuci"". Tapi untuk harga camping terjangkau sekali."
65,Waduk Sermo,"Kulon Progo, DIY",5,"Ke waduk sermo sekitar jam 4 sore sampai sunset cuacanya bagus banget. Cerah, berawan, dan bisa lihat bulan. Air waduknya bersih dan terawat. Waduknya luas banget kalo misalkan diputerin bisa sekitar lebih dari 30 menit mungkin ya naik motor. Btw beberapa jalannya disekitar waduk banyak yang rusak dan beberapa juga dalam masa perbaikan. Semoga nantinya semua jalan disekitar waduk udah bagus aspalnya. Banyak titik buat camp atau piknik bisa pilih aja lokasinya mau yang sebelah mana. Kalo pulang sekitar jam 6 sore hati hati karena beberapa jalan minim penerangan dan sepi. Kalo tipe yang takut jangan sendirian ya."
66,Waduk Sermo,"Kulon Progo, DIY",4,Iseng jalan2 niatnya ke pantai di sekitar Kulon Progo. Malah ketemu plang waduk Sermo. Belok deh ke waduk dulu. Anginnya syahdu. Mau ke tempat camping sdh kesiangan. Jadi cuma foto2 sebentar sambil makan kacang rebus lanjut pindah ke pantai glagah indah.
67,Waduk Sermo,"Kulon Progo, DIY",5,"18 okto 25 kesini emang the best view-nya, tapi berbayar 2 kali dari dinas pariwisata 15k dan desa setempat 15k buat ngecamp, 5k buat sunset, tergantung spot mana yg ingin buat nyantai"
68,Waduk Sermo,"Kulon Progo, DIY",1,"pertama kali datang kesini, tata kelola dan komunikasi nya jelek! sudah datang awal dan pasang 2 tenda tbtb di suruh bongkar karena lahan nya sudah di booking untuk parkir mobil pdhl lahan parkir sudah tersedia di atas namun diijinkan karena sudah membayar! tidak ada komunikasi yg jelas atau informasi bahwa lahan sdh ter-booking dan terpaksa harus bongkar tenda ğŸ¤£ gws deh"
69,Waduk Sermo,"Kulon Progo, DIY",4,Salah satu tempat to see beautiful sunrise siihhh. Cantiknyyaaa matahari terbitğŸŒ¤ï¸ â€¦
70,Waduk Sermo,"Kulon Progo, DIY",5,kalo lewat yg jalan baru agak sedep yekan apalagi pas mau turun ny ğŸ˜…ğŸ˜… biaya masuk 10ribu apakah skrg sudah tidak diperbolehkan smpk tulisan sermo ny itu ?
71,"Camping ground bukit ngisis
","Kulon Progo, DIY",5,Camping bareng keluarga
72,"Camping ground bukit ngisis
","Kulon Progo, DIY",5,"Camping Ground di atas bukit, panorama malam eksotis, lengkap ada cafe"
73,"Camping ground bukit ngisis
","Kulon Progo, DIY",4,Nuansa alami cottage kayu
74,"Camping ground bukit ngisis
","Kulon Progo, DIY",5,josjis view ne
75,"Camping ground bukit ngisis
","Kulon Progo, DIY",5,Syahdu banget
76,"Camping ground bukit ngisis
","Kulon Progo, DIY",5,bikin seger mata
77,"Camping ground bukit ngisis
","Kulon Progo, DIY",5,Udah pernah camp disini dan emang sebagus itu
78,"Camping ground bukit ngisis
","Kulon Progo, DIY",5,"Tempat yg recomended buat camp, lain waktu lagi"
79,"Camping ground bukit ngisis
","Kulon Progo, DIY",5,Syahdu banget
80,"Camping ground bukit ngisis
","Kulon Progo, DIY",5,healing yg sbenarnya
81,Watu Mabur Camp,"Bantul, DIY",1,"Ingin tenang di Glamping gak bisa. Ada musik yang diputar sampai pagi, lapor pengelola juga tidak bisa. Berisik. Dengan musik yang keras disekitar kalau mau liburan tenang mending jangan disini"
82,Watu Mabur Camp,"Bantul, DIY",4,"Taman rekreasi alam eksotis di kawasan wisata lereng gunung Mangunan yang populer, Kecamatan Dlingo, Kabupaten Bantul, Daerah Istimewa Yogyakarta, menawarkan platform swafoto, area berkemah yang luas, dan area glamping di tebing karst yang menghadap ngarai Sungai Oya. Tempat ini cocok bagi para pencinta matahari terbit yang menawarkan sensasi ""berjalan di atas awan"". Terdapat beberapa kedai makanan yang menawarkan hidangan dan minuman sederhana, dan salah satunya buka 24 jam untuk melayani para peserta berkemah dan glamper (jika ada). Toilet bersih tersedia di area parkir utama dan kamar mandi dengan shower tersedia di area glamping (tanpa air panas). Tersedia musholla bersama yang bersih. Biaya masuk: Rp2.500/orang, berkemah: Rp15.000/orang, kayu bakar: Rp30.000 untuk rombongan besar. Tarif glamping adalah Rp150.000 untuk kabin luas yang unik dengan dua kasur besar, tanpa air panas untuk mandi, dan kamar mandi bersama yang bersih. Tempat parkir yang luas untuk sepeda motor, mobil, dan bus. Kekurangan: tidak ada WiFi gratis."
83,Watu Mabur Camp,"Bantul, DIY",5,"ocok untuk crew ataupun family gathering.. bisa juga sekedar nongkrong sejenak menghindar dari hiruk pikuk kota untuk camping.. pengelola ramah, fasilitas cukup baik.. mobil campervan dapat parkir dekat dengan zona camping zone"
84,Watu Mabur Camp,"Bantul, DIY",5,Termasuk tempat camping best lah.. Fasilitas dan suasana juga pemandangannya. Bisa mendirikan tenda di sebelah parkir mobil.
85,Watu Mabur Camp,"Bantul, DIY",4,"pemandangannya keren, suasana ok pelayanan ramah, murah juga untuk tiket masuknya"
86,Ngrumput Beach,"Gunungkidul, DIY",4,"Tempatnya bagus buat nikmatin sunset apalagi di puncak kosakora nya pemandangan pantainya lebih luas, untuk harga camping disini termasuk ga terlalu mahal dan bisa bawa tenda sendiri, tp pesan saya bagi yang mau Camping jangan masang tenda dekat warung pojok samping kiri, saya kemarin disana cuma gara2 kita beli makanan diwarung yang samping nya bukan warung itu, pemilik nya marah dan ngusir kita padahal ga ada peraturan tersebut. FOTO WARUNG YANG BERMASALAH ADA DIBAWAH INI"
87,Ngrumput Beach,"Gunungkidul, DIY",4,"salah satu pantai pasir putih di gunung kidul dengan view yang sangat cantik. Di sarankan kesini saat sore hari, karena air sedang surut, jadi bisa berjalan ke tepiÂ² pantai. View sunset nya sangat cantik, bisa naik ke bukit kosakora. Banyak penyewaan tenda disini. Sayangnya banyak bayarÂ², seperti tiket masuk gunung kidul perorang 15k, lalu parkir satu malam 10k, saat masuk ke pantainya bayar lagi untuk kebersihan 15k. Kesini saat weekday jadi tidak terlalu ramai pengunjung, jadi cukup tenang menikmati pemandangan pantainya. Disini jugÃ  banyak kucing, kucingnya baikÂ² ngga galak"
88,Ngrumput Beach,"Gunungkidul, DIY",5,"Pantainya keliatan cantik banget, kesana pas malem-malem terus camp. Aku sewa tenda + sekalian toilet biar ngga bolak-balik bayar, dan nyaman poll disana, kayak ngga mau pulangggğŸ˜­ğŸ˜­ Oiya, jangan lupa mampir di pantai sebelahnya guyss!! Ada pantai watu bolong, atau kalo engga bisa ke puncaknya, aku belom coba tapi yg di puncak, ngga sempetttğŸ˜­"
89,Ngrumput Beach,"Gunungkidul, DIY",5,"Pantai di daerah gunung Kidul lokasi cocok untuk camp dan fasilitas tergolong cukup lengkap ada kamar mandi mushola dan warung di daerah pantai, disana juga ada banyak persewaan tenda kebetulan lewat diberanda tik tok saya, pemilik warung serta peminjaman tenda sangat ramah dan membantu"
90,Ngrumput Beach,"Gunungkidul, DIY",5,"Bagus lumayan bersih. Banyak spot foto. Harga Makanan standard. Setiap warung ada toilet, musholla, tempat cas , bisa nge-camp sewa tenda dll. Bisa mampir di pantai terdekatnya."
91,Ngrumput Beach,"Gunungkidul, DIY",5,"Sangat cocok untuk yg ingin nge camp ga mau repot,banyak yg menyediakan persewaan tenda disini,dan fasilitas lengkap."
92,Ngrumput Beach,"Gunungkidul, DIY",5,"alhamdulillaah... akhirnya kesampaian ngecamp disini. beberapa poin yg bisa kugambarkan: 1. parkir motor di depan membayar 10k. jika tidak camp hanya 5k. 2. jarak dari parkiran menuju pantai sekitar 500m, tp ada jasa ojek yg bisa antar misalkan butuh. bayar 10k (lupa). kalo bawa anak, siap siap sounding ya bund. biar anaknya ga ngeluh ğŸ˜ 3. masuk ke pantai jika tidak ngecamp free, kalau camp, biaya per tenda nya 15k untuk kebersihan. 4. ada beberapa kios yg juga menyediakan tenda dengan fasilitas lengkap. jadi kalau ujug2 pengen ngecamp tanpa rencana, bisa bangeettt.... 5. banyak warung di sekitar pantai dan disediakan tempat sholat. kebanyakan buka 24jam. jadi jangan takut akan kelaparan tengah malam. 6. air surut di jam jam setelah subuh. dan akan naik lagi sekitar jam 7an. (sesuaikan dengan musim) 7. pantai ini insyaAllah ramah anak. namun harus tetap dengan pengawasan orang tua. jangan dibiarkan lari2 jauh tanpa diawasi. 8. pengelolanya ramahhh... 9. banyak tong sampah, jadi PLEASE JANGAN BUANG SAMPAH SEMBARANGAN meski cuma bungkus permen. semoga kita semua bisa healing dari semua rutinitas yang bikin lelah hati dan pikiran..."
93,Ngrumput Beach,"Gunungkidul, DIY",5,"Pantainya indaaaaahh dan bersih.. Bisa ngecamp disana dan melihat pemandangan laut dari atas bukit. Dari parkiran ke pantai jalan kaki sekitar 10 menitan. Jalannya sudah cor meskipun kecil tapi cukup bisa dilalui dg mudah. Kalau dari pantai, tracknya agak menanjak, sebaliknya dari parkiran jalannya menurun. Untuk yang mau ngecamp, gak usah khawatir kalau gak punya peralatannya. banyak persewaan tenda dan perlengkapannya disana.. Untuk menginap, parkir mobil menginap 20rb, retribusi masuk untuk kebersihan 15rb/tenda. Sewa tenda 60rb. Fasilitas toilet bisa borongan (gak tiap masuk bayar). Ngecas hp 5rb sampe penuh batreinya. Sinyal iM3 full. Warung, toilet, mushola bersih dan buka 24 jam, jadi kalau gak bawa perbekalan ngecamp, bisa ke warung tiap saat. Pantainya pasir putih, Ombaknya meskipun besar tapi masih bisa buat anak2 main. Dari bibir pantai ada lantai karangnya, jadi ombak yang ke area pasir relatif sedikiy lebih kecil. Harga makanan di warung juga tidak terlalu mahal. Dari petugas parkir, penjaga loket, budhe warung dan yg nyewain tenda semuanya ramah dan helpfull. Overall pantainya numani.. Pengen kesana lagi dan berangkat lebih awal biar bisa lihat sunset (kemarin sampai sana kemaleman. Hiks).."
94,Ngrumput Beach,"Gunungkidul, DIY",5,"24-25 juni 2023 kami Camping disini, untuk kamar mandi/MCK kita bisa berlangganan di warung warga (10rb/orang)bebas pake air mau ke wc/mandi/wudhu dr sore sampai besok pagi. Untuk lokasi pantai bagi saya bintang 5 ya, dari parkiran kita musti jalan kaki 300-400m sekitar 10-15 menit tp jalanya dah dibeton bagus kok, jln menurun klo kepantai, klo dr pantai ke parkiran menanjak jd agak capek pas pulangnya, aslinya bisa dilewatin motor, mungkin bisa dijadikan peluang buat pengelola agar disediakan Ojek motor buat mengakomodir wisatawan yg malas jalan. Pantainya indah dengan pasir putih, ombaknya biru jernih sekali. meskipun pantai selatan terkenal ombaknya berbahaya tp dipantai ini kita masih bisa main air kok karena dibibir pantainya ada lantai karang sekitar 50m jd ombaknya sudah agak kecil saat mencapai pinggiran pasir. Disini kita bisa camping di pantainya atau dibukit kosakora, tp klo dibukit tentu lebih repot saat naik bukit dengan membawa peralatan camping. Tp bonusnya pemandangan yg WOW indah sekali pada saat sore hari/sunset. Klo yg sewa Tenda di warung udah dipasangkan sekalian sama ownernya klo dipantai, entah klo yg diatas bukit. Yg saya suka dr pantai ini selain keindahannya yg masih alami jg karena pengunjung tidak terlalu ramai, mungkin krn kurang dikenal/kalah pamor dengan pantai Indrayanti disebelah timurnya. Pokonya yg suka pantai, suka Camping segera gas kepantai ini, dijamin puas, Indah aman dan nyaman ada air dan listrik, harga makanan di warung pun termasuk murah, nasi goreng telur 15rb."
95,Ngrumput Beach,"Gunungkidul, DIY",5,"Ini adalah pertama kalinya saya bersenang-senang berkemah bersama teman saya.
Tempat itu indah dengan matahari terbenam yang indah.

Perjalanan dari Jogja ke lokasi ini kurleb 1,5 jam ajah (kondisi lalu lintas lancar tanpa macet ya). Tiket masuknya juga murah, dan pasti area pantainya cukup luas, jd bisa buat main2 ajah atau camping juga bisa. Cuma kalo mau camping, disarankan pilih hari selain hari libur karena ruame bgt.
Misalnya pun cuma bisanya hari libur kaya akhir pekan, mending brangkat sabtu siang biar sampai sana sorean sekitar ashar. Nah, bisa tuh langsung pilih spot buat ndiriin tenda sesuai sama lokasi yg kamu mau karena biasanya jam segitu masih sepi.

Gue lebih milih ndiriin tenda tepat di muka pantai dg letak tenda yg cukup dekat dg batas air-daratan. Dan alhamdulillah aman dari pasang.

Fasilitas soal, udah lengkap banget. Termasuk ada fasilitas sewa tendanya juga. Jadi, buat kamu yang mau dadakan camping di sini juga bisa banget. Tinggal sewa tenda, nanti ada babang2 yg siap masangin tendanya.
Kamu juga bisa pesen makanan dan minuman buat dianter ke tenda kamu loh. Plus, kamu juga bisa bebakaran atau barbeque-an di sini dg menyewa semua alatnya di tempat yang sama. Pokoknya cuma modal badan dan duit (pastinya), kamu bisa camping seru di sini.

Info Dasar:
Tiket wisata: Rp15.000,00 per orang
Berkemah: Rp17.000,00 per orang (sdh termasuk biaya kebersihan)
Parkir motor: Rp3.000,00
Parkir mobil: Rp5.000,00
Fasilitas:
- warung
- mushola
- toilet dan kamar mandi (berbayar)
- area parkir luas
- pusat sewa tenda plus pemasangannya"
96,Camp Ground Bukit Sikunir,"Wonosobo, Jateng",5,"Bumi Perkemahan Bukit Sikunir adalah impian para pencinta alam yang menjadi kenyataan, menawarkan kesempatan unik untuk tidur di bawah taburan bintang sambil dikelilingi pemandangan yang menakjubkan.

Mendirikan kemah di puncak Bukit Sikunir merupakan sebuah petualangan tersendiri. Saat matahari terbenam di balik cakrawala, seluruh lanskap berubah menjadi kanvas warna-warni, menciptakan suasana yang tenang dan menakjubkan.

Bangun dari kenyamanan tenda saat melihat sinar matahari pertama terbit adalah pengalaman yang luar biasa. Pemandangan panorama lembah berkabut dan pegunungan di kejauhan yang bermandikan cahaya keemasan membuat saya takjub akan keindahan alam.

Fasilitas berkemah di Bukit Sikunir terawat baik dan melayani baik pekemah berpengalaman maupun pemula. Kamar mandi yang bersih dan perapian khusus menambah kenyamanan pengalaman berkemah.

Pesona sejati Bumi Perkemahan Bukit Sikunir terletak pada ketenangan dan keterhubungannya dengan alam. Tanpa lampu kota yang menghalangi pandangan, langit malam menjadi hidup dengan bintang-bintang, menjadikannya tempat yang sempurna untuk mengamati bintang dan merenung.

[Kesimpulan]:
Simpulannya, Bumi Perkemahan Bukit Sikunir adalah surga bagi para pencinta alam yang mencari pengalaman berkemah yang unik. Dari menyaksikan matahari terbenam dan terbit yang menakjubkan hingga menikmati ketenangan langit malam, setiap momen yang dihabiskan di sini adalah kenangan yang berharga. Saya sangat merekomendasikan untuk mengunjungi Bumi Perkemahan Bukit Sikunir untuk liburan tak terlupakan yang akan membuat Anda sangat menghargai keindahan alam bebas. Bersiaplah untuk terpikat oleh keajaiban alam dan keajaiban berkemah di bawah bintang-bintang!"
97,Camp Ground Bukit Sikunir,"Wonosobo, Jateng",3,Di sekitar masih banyak pembangunan2. Jalan akses dan area yang masih kurang baik. Semoga ke depannya akan lebih baik lagi
98,Camp Ground Bukit Sikunir,"Wonosobo, Jateng",5,"Tempat minggat terbaik dari kesibukan dan kerjaan.. Tempatnya tenang, dingin, warga nya ramah.. Dan paling jos lagi biaya tenda menginapnya yang murah meriah.."
99,Camp Ground Bukit Sikunir,"Wonosobo, Jateng",5,Camp ground yang indah di pinggir telaga menikmati sunset sambil meminum secangkir kopi.
100,Camp Ground Bukit Sikunir,"Wonosobo, Jateng",5,"Tempat minggat terbaik dari kesibukan dan kerjaan.. Tempatnya tenang, dingin, warga nya ramah.. Dan paling jos lagi biaya tenda menginapnya yang murah meriah.."
101,Camping mawar,"Kab. Semarang, Jateng",5,"Refreshing bersama para tetangga, menginap ditenda mawar 2 sebanyak:12 tenda...menjelang malam, masak & makan bersama terasa tenang, senang & nyaman berbalut dengan hawa yg dingin terasa akan kebersamaan dalam suka & duka...semoga selalu sehat selalu & tetap semangat dengan kebersamaan ini"
102,Camping mawar,"Kab. Semarang, Jateng",4,bagus bgt waktu turun ada beberapa pemandangan yg bagus bgt
103,Camping mawar,"Kab. Semarang, Jateng",5,Kunjungan kedua... Tempat yang indah..
104,Camping mawar,"Kab. Semarang, Jateng",1,"pesan lewat wa tdk informatif, orang nya sok sok an, g sopan. ditanyain berminggu minggu bs pilih tempt apa engga sesuai yg mereka posting g dijawab. giliran mau reserve ngomong kaya gt. kasih info dr awal yg jelas!"
105,Camping mawar,"Kab. Semarang, Jateng",5,"Cocok sekali untuk ajak anak mengenal alam dan vibes pegunungan. Dinginnya masih bisa di toleransi lah. Sy ambil yg paket harga 230 an, tenda di samping parkir mobil persis. Untuk paket ini listrik dan air sudah tersedia di teras depan tenda. Mungkin catatan matrasnya kurang tebel, atau mungkin boleh di kurangi harganya ğŸ˜. Tapi view nya istimewa sih. Ohh yaa 1lagih untukpengelolah mawar camp harap sediakan pembayaran QRIS. Modern gini tidak banyak megang cash soalnya sya harus rela turun ke jimbaran untuk cari atm dulu. Toilet dan mushola di sediakan, cukup banyak juga biliknya. Ada 4 bilik di bawah dan 2 di atas. Mungkin di atas masih ada lagi cuma saya gk sampe ke atas atas"
106,Camping mawar,"Kab. Semarang, Jateng",5,"Ngecamp dg view city light dan golden sunrise di depan pintu tenda, tempat tenang dan damai. Pastikan kendaraan fit krn tanjakan ckup ekstrim"
107,Camping mawar,"Kab. Semarang, Jateng",5,"View ok,harga sewa tenda dll terjangkau. Recomended..."
108,Camping mawar,"Kab. Semarang, Jateng",5,"Tempat Camping yg sangat enak menurut saya...udaranya pass gk dingin2 banget..fasilitas jg lengkap mulai MCK,Mushola,Kantin,Penerangan dan listrik utk isi daya...kebersihan Toilet dan lingkungam Camp jg bagus...View jg sangat indah sekali...saat malam disuguhkan pemandangan lampu kota salatiga dan sekitarnya saat fajar tiba kita bisa melihat Sunrise dengan sangat jelas sekalii...Keamanan terjamin..ditambah pengalaman pribadi saya sendiri...saat camp kemarin Teman saya Power Bank n Cas HP ketinggalan di area tenda...sy langsung hub.petugas yg saat boking diawal lewat WA...petugas dengan Gercep langsung merespon dan langsung dipaketin ke kota kami..trimakasih Mawar Camp...insyaalloh kl ada rejeki sehat n sempat sy akan kembali lagi"
109,Camping mawar,"Kab. Semarang, Jateng",5,"Tempat camping nyaman , untuk mendapatkan golden sunrise. Kamar mandi tersedia banyak dan bersih."
110,Camping mawar,"Kab. Semarang, Jateng",5,"Sayangnya jika berkunjung saja tetap harus bayar tiket masuk dengan tarif sama dg yg menginap. Tapi semuanya oke, bersih dan asik tempatnya.
Taman Bermain
Untuk anak kecil tidak ada, tapi bisa untuk outbound.
Toilet
Bersih
Kesesuaian untuk anjing
Bisa
Area piknik
Banyak"
111,Ratan Lurung Basecamp Gedongsongo,"Kab. Semarang, Jateng",5,"Seru asri n tempat camping ratan lurung ,oner ramah ,pemandangan bagus bgt fasilitas smg tambah okle lagi .kapan2 camping di sana lagi hari biasa pun ada teman nya jd seru"
112,Ratan Lurung Basecamp Gedongsongo,"Kab. Semarang, Jateng",5,"Tempat sederhana tapi menyajikan view yg indah. Bisa sewa tenda,sewa peralatan camping juga ada. Waktu ke sana bareng keluarga. Menyenangkan. Harga murah."
113,Ratan Lurung Basecamp Gedongsongo,"Kab. Semarang, Jateng",3,"Saya sebagai pecinta camping sangat apresiasi buat pengelola Tempat lokasi masi perlu perwatan jalan masi seadanyaâ€¦ Sebagai masukan dan saran juga review saya untuk saat ini jangan di buka dengan sebutkan campervan dulu lebih baik camp ground saja lebih fair dan sesuaiâ€¦ Dengan biaya 150rb/lahan (campervan) listrik 50rb sangat belum layakğŸ˜Š Saya ke sana dengan tujuan camping dan explorasi tempat untuk survei juga mempromosikan tempat2 campâ€¦ Tentunya ini sangan mahal dan perlu evaluasi ulang terkait harga,,, Lahan sebutan campervan itu bisa parkir jejer proper dan tenda bisa menghadap ke view utamaâ€¦ Untuk harga segitu tentu belum layak dengan fasilitas dan lokasi saat ini.. Jadi mohon untuk pengelola bisa di sesuaikan saja tempatnya dengan sebutan camping ground biaya berapa dan parkir mobil berapaâ€¦sukses selalu pengelola semoga point utamanya yaitu di tarif dengan fasilitas yang ada."
114,Ratan Lurung Basecamp Gedongsongo,"Kab. Semarang, Jateng",5,basecamp unik dan cantik dari angle yang berbeda dari gunung ungaran. tempatnya classic dan masih asri. jika kalian berada di basecamp mohon pengertiannya untuk menjaga kelestarian alam di sekitar. jangan buang sampah sembarangan ya karena sudah tersedia untuk tempat sampahnya. lebih baik lagi ngobrol dengan bapak yang ada di basecamp orangnya sangat ramah dan pastinya bikin betah untuk pingin tau seluk beluk dari basecamp ratan lurung.
115,Ratan Lurung Basecamp Gedongsongo,"Kab. Semarang, Jateng",5,"Visit area camp ini pas libur imlek 2025. Nge camp 4D3N dengan cuaca saat itu cukup ekstrim hujan angin. POV saya : - Kalau mobil FWD cc kecil better cek kondisi mobil dan pastikan driver paham kondisi jalan karena tanjakan yg terjal dan licin (saya pakai unit Raize 1.0 turbo) - Area bisa pakai tenda ukuran besar (saya pakai Nature Hike V17 dengan luas 4x6 meter) - Area colokan listrik sangat terbatas - Ada toilet di dekat warung milik owner - Ada musholla cukup luas - Tidak bisa campervan, jadi mobil diparkir di area depan warung atau sebelah warung - Spot paling apik di sebelah kolam (paling atas) namun harus prepare kabel listrik minimal 25 meter karena colokan saat itu hanya terbatas di warung owner - Spot lokasi tenda sudah di blok dan space terbatas, baiknya reservasi sebelum datang supaya bisa mendapatkan tempat - Area jalan menuju lokasi hanya bisa diakses 1 mobil, jalan masih tanah dan terjal. Pastikan ban dalam kondisi prima. - Kondisi cerah, view 6 gunung. So far bakal balik lagi kesini saat musim kemarau supaya view nya lebih cantik. Taman Bermain
Cukup luas dan kids friendly, namun penerangan agak minim terutama area tenda bagian atas
Toilet
Ada 1 kamar mandi
Area piknik
Bisa untuk piknik tapi baiknya jangan turun saat malam karena sepanjang jalan tidak ada penerangan"
116,Ratan Lurung Basecamp Gedongsongo,"Kab. Semarang, Jateng",5,"Basecamp pendakian Gunung Ungaran yang masih baru, tempat nyaman banget dengan view terbaik karena menghadap langsung gunung gunung di jawa tengah dan terbuka bebas, fasilitas sudah komplit ada kamar mandi, mushola, parkir yg luas dan warung. Akses lumayan mudah untuk masuk motor dan mobil, cobain kesini untuk pengalaman baru ke Gunung Ungaran.
Taman Bermain
Ada taman yang asri dan indah
Toilet
Ada 2 kamar mandi
Area piknik
Ada kursi kursi estetik menghadap view gunung gunung di jawa tengah"
117,Ratan Lurung Basecamp Gedongsongo,"Kab. Semarang, Jateng",5,"Basecamp Gunung Ungaran yang terbaru, viewnya spesial, fasilitas basecamp lengkap, ada warungnya juga jadi enak buat hangout setelah capek mendaki Gunung Ungaran :)"
118,Ratan Lurung Basecamp Gedongsongo,"Kab. Semarang, Jateng",5,"Seru bgt dimari, romantis buat berdua sama istri & seru utk ngumpul bareng temen & klg. Sini2 lagi tp ndak akan pernah bosen"
119,Ratan Lurung Basecamp Gedongsongo,"Kab. Semarang, Jateng",5,Tempat syahdu banget utk ngajak anak2 ngenalin alam yg masih asri supaya mereka bisa mencintai alam sekitar & ikut melestarikanya
120,Ratan Lurung Basecamp Gedongsongo,"Kab. Semarang, Jateng",5,"Basecamp tertinggi di gunung ungaran view sangat memuaskan, orang orang basecamp nya friendly & ramah Suasana alam nya masih fresh cocok banget buat yang suka suasana damai"
121,Camp ground puncak ungaran,"Kab. Semarang, Jateng",5,Sejuk dengan perjalanan yg TDK mudah
122,Camp ground puncak ungaran,"Kab. Semarang, Jateng",5,"Bagus, msh sepii"
123,Camp ground puncak ungaran,"Kab. Semarang, Jateng",5,"Pemandangannya sangat memanjakan mata, sinyal HP juga ada. Dan juga digunakan oleh para pendaki untuk beristirahat sejenak sebelum melanjutkan perjalanan menuju puncak ungaran, ada juga yang hanya sekedar untuk berkemah, bersantai sambil menikmati pemandangan yang luar biasa istimewa."
124,Camp ground puncak ungaran,"Kab. Semarang, Jateng",5,Sangat cocok untuk kamu yang suka berpetualang
125,Camp ground puncak ungaran,"Kab. Semarang, Jateng",4,"camp groundnya luas, pemandangannya bagus. ada toilet tapi SANGAT kotor. tidak terawat. mendirikan tenda disini harus kena retrib 15rb per tenda."
126,Camp ground puncak ungaran,"Kab. Semarang, Jateng",3,Kamar mandi / toilet rusak belom diperbaiki..
127,Telaga Cebong,"Wonosobo, Jateng",5,"Masuk loket sikunir 15k, sewa tempat tenda 15k(tempat sampah sudah disediakan), parkir 5k, beli kayu bakar 10k satu iket (opsional). Momen momen sehabis idul fitri kurleb 1 bulan kurang, rencana camping sebelum lulus akhirnya terlaksana(tinggal nunggu surat kelulusan aja sih). banyak hal baru yang terjadi.... minggu pagi kita sempatkan naik ke puncak sikunir melihat sunrise dan ketemu teman kita asal sleman, semoga tahun depan kesini lagi"
128,Telaga Cebong,"Wonosobo, Jateng",5,"Bisa campervan dan camping di samping telaga. Kalo bawa tenda sendiri cukup bayar 15rb saja. Ini lokasi camping termurah, terindah dan terdingin yang pernah kami datangi. Suhu siang 11-16 derajat dan malam 4-9 derajat jadi harus siap jaket tebal, kaos kaki dan kaos tangan. Lebih enak lagi ada sleeping bag. Kalo saat weekend harus datang lebih awal supaya ga kehabisan spot camping."
129,Telaga Cebong,"Wonosobo, Jateng",5,"Kami mendirikan 2 tenda disamping telaga, lokasinya bagus dan tertata, cuma kita harus datang lebih awal kalau mau dapat lokasi yg bagus, mobil bisa parkir samping tenda. Sayangnya pas kami datang suhu di dieng lagi dingin sekali, tidur dengan sleeping bag juga masih sangat terasa dingin. Siap2 saja kalau sudah mau subuh akan sangat ramai orang yg mau ke bukit sikunir. Sayang toilet agak lumayan jauh dan bayar 2rb setiap buang air kecil. Dengan kondisi dingin seperti itu saya sampai 8x balik ke toilet karena kebelet."
130,Telaga Cebong,"Wonosobo, Jateng",5,Indah sekali Terletak di kaki bukit sikunir
131,Telaga Cebong,"Wonosobo, Jateng",5,Biasa camp view masih asri .. Ini sdh berubah view penginapan2
132,Telaga Cebong,"Wonosobo, Jateng",5,"Jadi kawasan dengan Wisata Puncak Sikunir,Telaga ini juga memiliki GuestHouse maupun Villa dan penginapan yang Instagrammable.Udara sejuk serta pemandangan yang Wow membuat liburan kali ini terasa Indah Pakdhe.Jangan lupa mampir kemari.Banyak jajan menarik seperti Gorengan dan Kentang Semurrrrr maknyusss lah pokoknya."
133,Telaga Cebong,"Wonosobo, Jateng",5,"Viewnya cakep banget , kesini rekomendednya pas pagi banget , naik sikunir dulu abis tu jam 8 baru turun foto-foto di pinggir telaga nya , dipinggiran telaga juga sekarang tersedia penginapan"
134,Telaga Cebong,"Wonosobo, Jateng",5,"Akses dari motor tinggal jalan dikit. -Pemandangan cakep ky di jepang2 . Cukup bersih. -Anginnya gak ada obat kenceng bgt, pke windbreaker yahh -spot foto cakep"
135,Telaga Cebong,"Wonosobo, Jateng",5,"udaranya dingin khas dataran tinggi, dan banyak wisata glamping di sekitar Danau"
136,Telaga Cebong,"Wonosobo, Jateng",2,"Sudah beberapa kali kesini sejak lama dan saya sangat suka dan menikmatinya.. tetapi terakhir kali saya berkunjung kesini bulan lalu, saya terkejut dan kecewa dengan semua pembangunan yang semrawut di semua homestay dan akses masuk, belum lagi banyaknya bangunan lain yang merusak keindahan alam.. sangat disayangkan pembangunannya.. maaf saya harus terus terang."
137,Telaga Cebong,"Wonosobo, Jateng",4,"Pagi sejuk dengan pemandangan telaga, banyak wisatawan camping di area telaga. di temani warga lokal yang asik memancing"
138,Telaga Cebong,"Wonosobo, Jateng",5,"Sebuah telaga vulkanik di ketinggian 2100 MDPL cukup membuat badan menggigil dimalam hari. Siang hari terasa sejuk walau matahari bersinar terik. Sangat dekat dengan jalur pendakian Sikunir. Saran, jangan pas hari libur atau weekend kesini pasti ramai. Jarang ada yang eksplor telaga ini dan lebih memilih ke Sikunir sih. Walau demikian, berfoto dengan latar belakang telaga ini sangat indah dengan kabut dan pemukiman khas pegunungan."
139,Telaga Cebong,"Wonosobo, Jateng",5,1. Telaga di Desa tertinggi 2. Berkilauaan 3. Parkir luas 4. Pas untuk Camping 5. Dekat dengan Bukit Sikunir
140,Telaga Cebong,"Wonosobo, Jateng",5,"Kalau mau ke sikunir bisa ngecamp di sini, tempat dengan view danau yg bagus, pagi nya bangun jam 4 lalu jalan deh ke atas sikunir"
141,CAUB (Camp Area Umbul Bengkok),"Baturaden, Banyumas",5,"Tempat camp yg oke sih, tempat makan di sekeliling jadi ga kawatir kelaparan. View paginya juga syahdu bangetâ€¦asiknya rame2 sih kalo ksini"
142,CAUB (Camp Area Umbul Bengkok),"Baturaden, Banyumas",1,"tidak rekomend sekali lagi TIDAK REKOMEND!. SOP makanan itu telat Â½jam harus sudah datang, eh ini sampe berjam"". mana pas datang pesanan tdk sesuai minimal konfirmasi minta maaf tdk ada sama sekali!malah di cuekin langsung tinggal pergi. Karyawan macam apa anda?kita BELI bukan MINTA! TIDAK REKOMEND. MANA JUDES JUDES SMUA"
143,CAUB (Camp Area Umbul Bengkok),"Baturaden, Banyumas",1,tukang parkir yang disekawan caub ga ramah banget emosian dan jutek bikin gamau lagi kesana
144,CAUB (Camp Area Umbul Bengkok),"Baturaden, Banyumas",1,"Sangat kecewa si kecaub, baru kemaren hari rabu tgl 14 padahal kan udah ada biaya masuk sama ada biaya untuk parkir tapi kenapa kok helm saya bisa ilang ya dan lebih parahnya lagi tukang parkirnya ngga ada tanggung jawabnya sama sekali, bukanya ada kata maaf atau apa lah ini ditinggal pergi tanpa kata maaf sedikitpun, sangat sangat kecewa, ngga lagi lagi deh"
145,CAUB (Camp Area Umbul Bengkok),"Baturaden, Banyumas",5,"Sejukk, tenang bahagiaaaaa"
146,CAUB (Camp Area Umbul Bengkok),"Baturaden, Banyumas",3,"Tempate si bagus nyaman, sangat disayangkan parkirnya lumayan ye motor 5k dan mobil 10k"
147,CAUB (Camp Area Umbul Bengkok),"Baturaden, Banyumas",1,"Parkir mobil 10k, mending di sebelah cuma 5k"
148,CAUB (Camp Area Umbul Bengkok),"Baturaden, Banyumas",4,"Disini tempatnya adem banget. udaranya bersih dan sejuk. banyak warung warung yang menyediakan makanan, cemilan, dan minuman yang harganya menurut saya terjangkau. saya rasa anda bisa datang kesini bersama teman atau keluarga untuk menikmati waktu bersama."
149,CAUB (Camp Area Umbul Bengkok),"Baturaden, Banyumas",4,"CAUB (Camp Area Umbul Bengkok) adalah tempat yang fantastis dengan udara sejuk dan menyegarkan. Tempat ini menawarkan berbagai pilihan makanan, tempat parkir yang luas, pemandangan yang indah dan luas, serta harga masuk yang terjangkau. Ini adalah tujuan yang sempurna untuk relaksasi, penjelajahan, dan menikmati alam."
150,CAUB (Camp Area Umbul Bengkok),"Baturaden, Banyumas",5,"Tempat camp yg indah, background gunung slamet dan view kota purwokerto, tempatnya bersih untuk camp, ada kamar mandi, mushola, warung makan, colokan listrik, recommended"
151,CAUB (Camp Area Umbul Bengkok),"Baturaden, Banyumas",5,"Lokasi ngecamp yang cukup ramai, ditambah warung menara yang mempesona, bagi muda mudi...."
152,CAUB (Camp Area Umbul Bengkok),"Baturaden, Banyumas",5,"Pemandangannya indah dan sejuk, cocok untuk tempat menenangkan pikiran"
153,CAUB (Camp Area Umbul Bengkok),"Baturaden, Banyumas",4,"CAUB nggak cumaa buat camping, tapi juga cocok buat kulineraaaannn santai sambil nikmatin udara sejuk dan pemandangan alam yang indah.â€‹ Food court-nya banyak pilihan, dari makanan berat sampai camilan, semuanya dengan harga ramah di kantong. Favoritku mendoan bakar dan mie nyemeknyağŸ¤©ğŸ¤©â€”pas banget disantap di udara dingin Baturaden. Minumannya juga beragam, ada teh hangat, kopi, sampai minuman kekinian."
154,CAUB (Camp Area Umbul Bengkok),"Baturaden, Banyumas",5,"Tempat super duper nyaman, Minus kemarin salah pilih tempat makan ( rasa kurang), Sejuk, tentram, harus banget cobain kesini sii.. Ooya ada toilet dan tempat solat kok, jdi muslim friendly"
155,CAUB (Camp Area Umbul Bengkok),"Baturaden, Banyumas",5,"Tempatnya bagus, luas, masih sunyi, pemandangannya juga bagus, terdapat beberapa warung makan sekaligus tempat untuk menikmati view dengan harga yang terjangkau."